name,email,department,age,experience,salary,satisfaction_level,last_evaluation_score,project_count,work_hours,performance_score,attrition,attrition_probability
James Johnson,james.johnson@company.com,IT,60,28,102932.9,0.196,0.573,1,62,38.98,Y,0.99
Patricia Jones,patricia.jones@company.com,Sales,32,7,63447.65,0.233,0.35,9,60,55.27,Y,0.99
Sarah Williams,sarah.williams@company.com,Operations,51,5,49998.47,0.15,0.647,1,64,40.55,Y,0.98
Jane Hernandez,jane.hernandez@company.com,Operations,46,16,66301.95,0.281,0.44,10,64,58.91,Y,0.99
William Johnson,william.johnson@company.com,Finance,24,0,52211.01,0.302,0.36,9,60,57.05,Y,0.99
Robert Smith,robert.smith@company.com,IT,30,4,59771.16,0.208,0.384,10,61,55.79,Y,0.99
Jane Brown,jane.brown@company.com,Sales,56,13,71543.29,0.248,0.364,10,64,55.13,Y,0.99
William Martinez,william.martinez@company.com,IT,25,1,56080.09,0.158,0.595,10,74,60.48,Y,0.99
William Brown,william.brown@company.com,Operations,52,15,64478.73,0.232,0.5,10,60,61.13,Y,0.99
James Lopez,james.lopez@company.com,Finance,39,14,74541.99,0.357,0.425,10,69,58.78,Y,0.99
Robert Brown,robert.brown@company.com,HR,36,12,56802.23,0.169,0.645,10,65,64.54,Y,0.99
Mary Jones,mary.jones@company.com,Support,32,2,42591.44,0.327,0.555,1,69,39.39,Y,0.76
Jennifer Smith,jennifer.smith@company.com,Support,62,27,75487.08,0.366,0.518,8,61,64.39,Y,0.99
Richard Williams,richard.williams@company.com,Operations,45,4,47734.54,0.332,0.523,9,68,62.37,Y,0.86
Robert Garcia,robert.garcia@company.com,Marketing,35,2,45126.25,0.34,0.496,9,63,62.47,Y,0.99
Michael Brown,michael.brown@company.com,Support,36,9,50699.82,0.156,0.338,9,73,50.32,Y,0.99
Emily Johnson,emily.johnson@company.com,IT,53,3,56132.21,0.377,0.387,1,68,33.9,Y,0.94
Robert Johnson,robert.johnson@company.com,Marketing,53,6,52798.47,0.222,0.356,8,69,53.29,Y,0.99
Jennifer Garcia,jennifer.garcia@company.com,Finance,27,3,54647.92,0.351,0.365,8,73,55.35,Y,0.93
David Gonzalez,david.gonzalez@company.com,IT,49,24,93865.14,0.23,0.339,1,69,28.64,Y,0.99
Patricia Davis,patricia.davis@company.com,Finance,62,2,54784.34,0.152,0.479,1,67,33.24,Y,0.99
Jane Miller,jane.miller@company.com,IT,45,14,78218.58,0.192,0.377,10,70,53.23,Y,0.99
William Jones,william.jones@company.com,Support,33,6,45464.37,0.274,0.405,1,74,31.04,Y,0.99
James Martinez,james.martinez@company.com,Support,23,1,40137.43,0.163,0.398,1,69,29.71,Y,0.99
Emily Martinez,emily.martinez@company.com,Sales,47,5,55530.31,0.211,0.535,9,65,61.05,Y,0.97
Patricia Johnson,patricia.johnson@company.com,IT,45,4,61584.1,0.308,0.522,9,72,60.98,Y,0.8
James Brown,james.brown@company.com,Support,27,4,43752.85,0.365,0.414,10,60,60.47,Y,0.99
David Johnson,david.johnson@company.com,Support,41,6,48122.04,0.194,0.542,10,67,60.49,Y,0.99
Sarah Johnson,sarah.johnson@company.com,HR,49,24,73936.98,0.178,0.624,8,70,62.86,Y,0.99
David Davis,david.davis@company.com,Operations,47,15,68679.31,0.289,0.485,8,74,58.54,Y,0.99
Jennifer Garcia,jennifer.garcia@company.com,Sales,58,31,107398.34,0.308,0.419,9,70,57.24,Y,0.99
Emily Garcia,emily.garcia@company.com,Sales,45,21,88248.22,0.345,0.525,9,74,61.44,Y,0.89
James Jones,james.jones@company.com,Operations,41,2,43618.55,0.243,0.629,1,60,42.67,Y,0.88
James Hernandez,james.hernandez@company.com,IT,23,1,52532.46,0.262,0.648,10,70,65.46,Y,0.96
Mary Hernandez,mary.hernandez@company.com,Sales,41,7,60653.41,0.362,0.53,1,68,39.31,Y,0.72
William Lopez,william.lopez@company.com,Sales,43,13,72336.33,0.297,0.643,9,73,65.35,Y,0.93
Michael Davis,michael.davis@company.com,HR,42,0,39996.77,0.294,0.472,1,63,36.68,Y,0.99
David Hernandez,david.hernandez@company.com,Operations,56,16,66327.47,0.399,0.464,8,73,60.17,Y,0.99
William Brown,william.brown@company.com,Operations,58,23,80986.42,0.233,0.493,9,74,57.85,Y,0.99
Emily Gonzalez,emily.gonzalez@company.com,Support,42,0,39308.01,0.229,0.359,1,65,30.31,Y,0.99
John Brown,john.brown@company.com,Support,61,23,70904.73,0.202,0.535,9,62,61.64,Y,0.99
John Gonzalez,john.gonzalez@company.com,Marketing,47,16,68946.89,0.362,0.348,8,65,56.62,Y,0.99
Robert Jones,robert.jones@company.com,IT,47,2,55908.48,0.214,0.514,10,67,59.8,Y,0.99
Sarah Martinez,sarah.martinez@company.com,Operations,41,0,41319.58,0.168,0.439,8,73,54.61,Y,0.99
Emily Brown,emily.brown@company.com,Operations,55,1,43760.82,0.26,0.535,9,66,61.72,Y,0.99
Lisa Miller,lisa.miller@company.com,Operations,43,21,72275.16,0.213,0.314,9,65,52.26,Y,0.99
Lisa Williams,lisa.williams@company.com,Marketing,29,4,48331.51,0.218,0.638,9,61,66.25,Y,0.95
Michael Brown,michael.brown@company.com,Operations,51,14,64154.4,0.325,0.348,10,74,53.85,Y,0.99
William Rodriguez,william.rodriguez@company.com,Marketing,40,16,67058.47,0.25,0.452,8,61,59.47,Y,0.99
Patricia Martinez,patricia.martinez@company.com,HR,44,8,50701.26,0.322,0.32,8,62,55.4,Y,0.99
Mary Miller,mary.miller@company.com,Marketing,46,7,55851.94,0.384,0.523,1,71,38.82,Y,0.72
Sarah Williams,sarah.williams@company.com,Finance,50,22,86818.84,0.162,0.498,9,71,57.3,Y,0.99
Lisa Johnson,lisa.johnson@company.com,Support,49,4,43587.14,0.174,0.409,8,70,54.15,Y,0.99
John Johnson,john.johnson@company.com,Sales,47,15,74238.79,0.352,0.421,8,66,59.1,Y,0.99
James Williams,james.williams@company.com,Support,26,3,42279.4,0.161,0.431,8,74,54.03,Y,0.99
James Miller,james.miller@company.com,Finance,26,4,59611.39,0.191,0.325,9,74,50.32,Y,0.99
Jane Miller,jane.miller@company.com,HR,48,19,70631.75,0.294,0.436,10,61,59.55,Y,0.99
Mary Davis,mary.davis@company.com,Finance,58,11,69028.6,0.247,0.636,8,63,66.36,Y,0.99
David Rodriguez,david.rodriguez@company.com,Support,52,13,57405.22,0.155,0.333,9,65,51.96,Y,0.99
John Hernandez,john.hernandez@company.com,Operations,47,9,57258.56,0.156,0.585,1,67,37.53,Y,0.98
Jane Hernandez,jane.hernandez@company.com,Finance,32,7,62641.91,0.334,0.581,1,68,40.76,Y,0.74
Richard Jones,richard.jones@company.com,Support,56,34,89623.72,0.253,0.43,9,68,57.0,Y,0.99
James Garcia,james.garcia@company.com,IT,58,11,72551.92,0.257,0.563,1,63,39.53,Y,0.87
David Miller,david.miller@company.com,Sales,41,15,71331.28,0.247,0.404,9,65,56.48,Y,0.99
Lisa Smith,lisa.smith@company.com,Operations,40,11,59760.67,0.239,0.635,9,74,63.67,Y,0.99
Patricia Jones,patricia.jones@company.com,Finance,37,4,58951.15,0.173,0.511,10,70,58.32,Y,0.98
Richard Williams,richard.williams@company.com,Finance,37,8,65321.94,0.178,0.626,8,60,65.08,Y,0.96
Jane Hernandez,jane.hernandez@company.com,Marketing,56,22,82399.93,0.286,0.547,9,62,63.8,Y,0.99
Jennifer Hernandez,jennifer.hernandez@company.com,Finance,38,5,61701.89,0.171,0.545,8,65,60.58,Y,0.93
Mary Brown,mary.brown@company.com,Sales,26,4,57299.59,0.171,0.645,10,72,63.03,Y,0.92
Emily Gonzalez,emily.gonzalez@company.com,Sales,28,0,49330.31,0.298,0.423,10,61,59.25,Y,0.99
William Gonzalez,william.gonzalez@company.com,Finance,60,26,93924.62,0.212,0.416,8,67,55.89,Y,0.99
John Martinez,john.martinez@company.com,Marketing,41,7,54091.85,0.179,0.527,1,70,35.07,Y,0.95
Lisa Smith,lisa.smith@company.com,IT,46,23,101400.78,0.282,0.453,8,60,60.38,Y,0.99
Emily Gonzalez,emily.gonzalez@company.com,Marketing,42,15,70093.45,0.282,0.648,1,63,43.36,Y,0.99
Sarah Smith,sarah.smith@company.com,Sales,39,14,74641.49,0.307,0.544,9,74,61.23,Y,0.74
Mary Johnson,mary.johnson@company.com,IT,37,6,63028.1,0.161,0.398,10,60,55.63,Y,0.99
Patricia Davis,patricia.davis@company.com,Support,49,20,64700.48,0.219,0.366,8,65,54.39,Y,0.99
Jane Gonzalez,jane.gonzalez@company.com,Finance,49,4,56233.64,0.394,0.645,8,60,70.24,Y,0.76
Richard Williams,richard.williams@company.com,Sales,41,12,72666.1,0.321,0.357,8,61,57.11,Y,0.89
James Davis,james.davis@company.com,Finance,26,0,48324.17,0.255,0.626,8,68,64.98,Y,0.99
Michael Jones,michael.jones@company.com,Finance,54,0,49404.45,0.27,0.645,9,68,65.88,Y,0.97
Jennifer Martinez,jennifer.martinez@company.com,HR,48,16,60887.5,0.36,0.464,9,62,61.97,Y,0.99
Sarah Rodriguez,sarah.rodriguez@company.com,Support,27,3,42634.97,0.353,0.65,8,73,66.68,Y,0.76
Patricia Lopez,patricia.lopez@company.com,Sales,58,9,62604.26,0.362,0.387,8,63,58.69,Y,0.99
Patricia Jones,patricia.jones@company.com,HR,34,3,43470.59,0.207,0.535,10,60,62.06,Y,0.98
James Hernandez,james.hernandez@company.com,Marketing,47,25,87947.19,0.28,0.57,9,64,64.05,Y,0.99
Lisa Rodriguez,lisa.rodriguez@company.com,HR,26,2,44224.07,0.251,0.347,9,66,54.16,Y,0.99
Jane Brown,jane.brown@company.com,Sales,23,0,48518.82,0.203,0.348,10,74,51.37,Y,0.99
Jane Garcia,jane.garcia@company.com,IT,51,14,78910.72,0.259,0.616,10,68,64.69,Y,0.99
Mary Rodriguez,mary.rodriguez@company.com,Sales,51,22,91336.91,0.281,0.544,1,62,39.56,Y,0.99
Mary Brown,mary.brown@company.com,IT,38,4,60276.31,0.395,0.472,1,63,38.77,Y,0.92
Jane Lopez,jane.lopez@company.com,Operations,44,22,74211.61,0.296,0.44,10,69,58.06,Y,0.99
John Brown,john.brown@company.com,IT,46,2,54179.9,0.369,0.48,10,62,62.68,Y,0.89
John Garcia,john.garcia@company.com,IT,42,4,57531.4,0.236,0.422,8,61,57.96,Y,0.99
William Brown,william.brown@company.com,Marketing,33,9,56138.85,0.374,0.345,8,70,55.64,Y,0.99
James Davis,james.davis@company.com,Sales,43,14,71566.74,0.278,0.355,10,60,56.22,Y,0.99
William Williams,william.williams@company.com,Operations,29,0,41935.0,0.299,0.645,9,65,67.23,Y,0.99
Mary Martinez,mary.martinez@company.com,HR,49,22,71192.79,0.283,0.552,8,60,64.29,Y,0.99
Sarah Gonzalez,sarah.gonzalez@company.com,HR,24,2,42773.87,0.361,0.562,10,61,66.03,Y,0.74
Richard Miller,richard.miller@company.com,Sales,36,8,60599.44,0.334,0.364,9,64,56.83,Y,0.96
Jane Johnson,jane.johnson@company.com,Operations,46,16,67189.53,0.236,0.466,8,71,57.39,Y,0.99
Robert Garcia,robert.garcia@company.com,HR,57,21,70633.22,0.297,0.561,1,68,39.16,Y,0.99
Robert Davis,robert.davis@company.com,Support,27,3,41557.8,0.311,0.5,10,67,61.23,Y,0.99
Patricia Smith,patricia.smith@company.com,Operations,54,21,72721.9,0.206,0.428,10,62,57.37,Y,0.99
James Hernandez,james.hernandez@company.com,IT,51,23,98757.57,0.374,0.328,9,60,57.21,Y,0.99
John Miller,john.miller@company.com,Operations,52,5,52244.4,0.249,0.639,10,60,67.21,Y,0.99
Emily Gonzalez,emily.gonzalez@company.com,Support,59,1,38262.27,0.289,0.5,9,72,59.66,Y,0.99
Jane Brown,jane.brown@company.com,Sales,25,2,52170.8,0.2,0.558,10,61,62.59,Y,0.99
Sarah Rodriguez,sarah.rodriguez@company.com,HR,59,36,89787.14,0.277,0.626,1,67,41.47,Y,0.99
Michael Miller,michael.miller@company.com,Sales,31,4,52925.03,0.166,0.646,1,70,39.56,Y,0.99
David Davis,david.davis@company.com,Sales,58,8,64236.37,0.34,0.508,10,69,61.79,Y,0.86
Jennifer Johnson,jennifer.johnson@company.com,HR,26,3,43187.26,0.391,0.344,10,74,54.93,Y,0.89
Richard Rodriguez,richard.rodriguez@company.com,IT,56,0,53705.29,0.335,0.501,10,71,60.81,Y,0.76
John Hernandez,john.hernandez@company.com,Finance,35,11,71569.67,0.191,0.357,1,63,30.0,Y,0.99
Jennifer Smith,jennifer.smith@company.com,IT,25,0,53111.67,0.369,0.437,10,66,60.04,Y,0.99
Richard Brown,richard.brown@company.com,Sales,59,32,104454.05,0.337,0.476,1,65,37.26,Y,0.99
Robert Davis,robert.davis@company.com,HR,35,4,45230.95,0.377,0.518,9,66,63.5,Y,0.74
Sarah Miller,sarah.miller@company.com,IT,29,1,55252.68,0.185,0.578,1,67,37.83,Y,0.97
Michael Miller,michael.miller@company.com,IT,57,28,102795.74,0.188,0.409,1,71,30.19,Y,0.99
Robert Jones,robert.jones@company.com,Support,43,1,39568.83,0.341,0.607,1,61,43.41,Y,0.81
Richard Davis,richard.davis@company.com,Marketing,57,23,79731.22,0.301,0.476,10,62,61.22,Y,0.99
Robert Lopez,robert.lopez@company.com,Operations,23,0,42415.92,0.31,0.543,10,70,62.2,Y,0.75
Richard Rodriguez,richard.rodriguez@company.com,Operations,32,9,58687.61,0.236,0.38,9,66,55.02,Y,0.99
Patricia Davis,patricia.davis@company.com,Sales,47,12,72189.98,0.185,0.335,1,60,29.71,Y,0.99
Sarah Jones,sarah.jones@company.com,Sales,57,3,55621.11,0.598,0.555,6,49,73.13,N,0.35
John Martinez,john.martinez@company.com,Operations,30,5,52241.91,0.419,0.571,2,57,50.5,N,0.5
William Smith,william.smith@company.com,Operations,58,20,87107.13,0.441,0.587,6,57,69.61,N,0.43
Emily Smith,emily.smith@company.com,IT,61,14,90944.06,0.5,0.561,2,50,53.31,N,0.35
Mary Davis,mary.davis@company.com,Finance,62,34,134536.95,0.5,0.657,6,57,73.57,N,0.47
Jennifer Rodriguez,jennifer.rodriguez@company.com,Sales,55,26,106827.31,0.513,0.595,6,49,73.08,N,0.35
John Rodriguez,john.rodriguez@company.com,IT,27,4,60653.41,0.629,0.622,6,50,76.19,N,0.35
Jennifer Williams,jennifer.williams@company.com,IT,42,16,96975.52,0.445,0.742,2,53,58.67,Y,0.51
Mary Johnson,mary.johnson@company.com,Operations,61,6,56236.81,0.549,0.563,6,52,71.9,N,0.35
Jennifer Brown,jennifer.brown@company.com,HR,53,29,98857.05,0.448,0.557,5,56,68.72,N,0.47
Jane Martinez,jane.martinez@company.com,Sales,35,2,53114.9,0.513,0.655,2,52,56.9,N,0.35
Mary Martinez,mary.martinez@company.com,IT,25,0,50807.87,0.484,0.565,6,51,70.78,N,0.35
Mary Johnson,mary.johnson@company.com,HR,55,32,103043.04,0.406,0.581,5,56,68.78,Y,0.55
James Martinez,james.martinez@company.com,Finance,24,2,55381.94,0.568,0.554,5,51,72.1,N,0.35
William Garcia,william.garcia@company.com,Marketing,54,27,106572.83,0.46,0.57,5,54,69.98,Y,0.52
Sarah Hernandez,sarah.hernandez@company.com,Operations,25,3,46304.85,0.567,0.591,6,51,73.59,N,0.35
Emily Brown,emily.brown@company.com,Marketing,28,0,44628.87,0.452,0.555,2,56,50.64,N,0.38
Robert Williams,robert.williams@company.com,Operations,23,0,41424.85,0.604,0.618,5,56,74.32,N,0.35
James Jones,james.jones@company.com,HR,33,3,47660.91,0.556,0.632,5,51,74.92,N,0.35
Emily Gonzalez,emily.gonzalez@company.com,IT,43,11,83016.83,0.435,0.724,6,56,74.99,N,0.37
John Davis,john.davis@company.com,Finance,38,13,79524.69,0.585,0.69,2,50,60.06,N,0.35
Mary Johnson,mary.johnson@company.com,IT,25,1,56361.31,0.531,0.584,6,54,71.82,N,0.35
William Brown,william.brown@company.com,Finance,42,9,72481.62,0.544,0.605,2,52,55.51,N,0.35
David Williams,david.williams@company.com,Marketing,44,20,90043.22,0.403,0.577,2,50,51.89,N,0.35
Jane Brown,jane.brown@company.com,Marketing,33,8,60880.13,0.524,0.665,2,52,57.46,N,0.35
David Williams,david.williams@company.com,HR,23,1,40930.47,0.64,0.587,2,54,56.26,N,0.35
Jennifer Rodriguez,jennifer.rodriguez@company.com,Operations,32,7,57076.51,0.509,0.733,6,50,78.18,N,0.35
David Martinez,david.martinez@company.com,Support,45,21,76048.04,0.434,0.647,5,48,73.81,N,0.35
James Rodriguez,james.rodriguez@company.com,IT,64,16,93358.86,0.524,0.669,5,54,75.2,N,0.35
James Rodriguez,james.rodriguez@company.com,Marketing,30,7,59160.51,0.582,0.649,6,53,75.61,N,0.35
James Johnson,james.johnson@company.com,Sales,24,1,48399.59,0.6,0.689,5,48,78.88,N,0.35
David Johnson,david.johnson@company.com,IT,38,9,77348.28,0.573,0.654,5,57,74.83,N,0.35
Patricia Rodriguez,patricia.rodriguez@company.com,Sales,42,16,89885.06,0.565,0.688,5,57,75.99,N,0.35
David Jones,david.jones@company.com,Finance,36,10,75661.98,0.647,0.739,6,48,81.73,N,0.35
Sarah Lopez,sarah.lopez@company.com,Marketing,44,20,86216.67,0.518,0.613,6,54,72.65,N,0.35
Sarah Hernandez,sarah.hernandez@company.com,Operations,29,1,45619.46,0.505,0.709,6,56,75.89,N,0.35
Jennifer Jones,jennifer.jones@company.com,Finance,63,38,144725.4,0.409,0.669,6,53,73.04,N,0.39
Lisa Jones,lisa.jones@company.com,Support,58,25,85828.33,0.581,0.563,6,56,71.69,N,0.35
John Johnson,john.johnson@company.com,Operations,46,12,66645.64,0.556,0.727,5,56,77.6,N,0.35
Robert Jones,robert.jones@company.com,IT,63,33,143761.09,0.405,0.725,2,51,57.58,N,0.35
John Garcia,john.garcia@company.com,Support,60,28,91936.51,0.592,0.63,2,52,57.32,N,0.38
Michael Hernandez,michael.hernandez@company.com,Marketing,31,8,59200.52,0.484,0.655,2,50,56.66,N,0.35
Michael Lopez,michael.lopez@company.com,HR,51,17,77036.51,0.474,0.597,2,50,54.07,N,0.36
William Lopez,william.lopez@company.com,HR,30,0,41145.38,0.498,0.575,6,57,70.18,N,0.47
William Smith,william.smith@company.com,IT,27,5,68192.6,0.55,0.731,5,49,79.2,N,0.35
Jane Lopez,jane.lopez@company.com,Sales,29,3,53713.3,0.609,0.596,6,53,74.23,N,0.35
William Smith,william.smith@company.com,Support,47,8,53890.42,0.447,0.706,5,56,74.72,N,0.43
Emily Martinez,emily.martinez@company.com,Finance,30,2,56420.31,0.549,0.655,6,51,75.64,N,0.35
Michael Miller,michael.miller@company.com,Sales,38,2,53290.72,0.604,0.595,2,53,56.01,N,0.35
John Jones,john.jones@company.com,Marketing,58,33,121132.8,0.514,0.628,6,49,74.46,N,0.35
Richard Smith,richard.smith@company.com,Marketing,55,11,65383.25,0.409,0.616,2,53,52.92,N,0.44
Sarah Hernandez,sarah.hernandez@company.com,Sales,36,5,62772.73,0.465,0.695,5,53,75.24,Y,0.52
James Johnson,james.johnson@company.com,Marketing,34,11,68830.22,0.419,0.72,2,52,57.46,N,0.46
Richard Rodriguez,richard.rodriguez@company.com,Support,24,1,41086.73,0.536,0.723,2,56,59.02,N,0.35
Robert Martinez,robert.martinez@company.com,Operations,49,0,42829.38,0.439,0.582,2,56,51.54,N,0.46
Michael Brown,michael.brown@company.com,Support,57,26,87098.21,0.588,0.582,6,57,72.23,N,0.41
Michael Gonzalez,michael.gonzalez@company.com,Support,44,9,52351.17,0.432,0.617,5,57,70.64,N,0.48
Michael Miller,michael.miller@company.com,IT,35,12,87203.47,0.527,0.551,2,54,52.55,N,0.35
Michael Lopez,michael.lopez@company.com,Marketing,61,30,105676.79,0.494,0.552,2,55,51.56,Y,0.6
Richard Miller,richard.miller@company.com,Support,28,1,38314.01,0.508,0.718,6,57,76.14,N,0.35
James Lopez,james.lopez@company.com,Support,41,3,44611.46,0.417,0.61,2,55,52.37,N,0.42
Sarah Jones,sarah.jones@company.com,Sales,22,0,50272.75,0.414,0.565,5,56,68.28,N,0.49
Richard Lopez,richard.lopez@company.com,IT,33,3,61722.65,0.562,0.669,6,48,77.18,N,0.35
Robert Smith,robert.smith@company.com,Support,36,2,43877.98,0.463,0.55,5,50,70.0,N,0.35
Lisa Brown,lisa.brown@company.com,Sales,56,12,74655.51,0.614,0.655,2,54,58.28,N,0.35
Jennifer Davis,jennifer.davis@company.com,Marketing,35,3,48228.39,0.564,0.605,2,57,54.65,N,0.35
David Gonzalez,david.gonzalez@company.com,Support,42,14,64227.25,0.505,0.678,5,55,74.85,N,0.37
Sarah Brown,sarah.brown@company.com,IT,22,0,49561.9,0.48,0.695,5,50,76.26,N,0.35
James Brown,james.brown@company.com,HR,45,11,60050.26,0.541,0.644,6,57,73.77,N,0.35
Emily Jones,emily.jones@company.com,Support,50,20,76959.27,0.438,0.641,5,55,72.04,Y,0.62
Jane Gonzalez,jane.gonzalez@company.com,Marketing,45,2,46585.9,0.446,0.642,5,49,73.7,N,0.35
Emily Hernandez,emily.hernandez@company.com,Finance,41,3,56499.07,0.54,0.595,6,54,72.48,N,0.35
Robert Hernandez,robert.hernandez@company.com,Support,45,7,50748.49,0.478,0.641,2,48,56.37,N,0.45
William Garcia,william.garcia@company.com,IT,52,5,67650.82,0.473,0.689,2,57,56.23,N,0.47
Jane Jones,jane.jones@company.com,Sales,43,18,86807.51,0.426,0.598,2,53,52.53,N,0.42
Mary Jones,mary.jones@company.com,IT,43,19,101579.6,0.487,0.705,5,51,76.54,N,0.35
Jane Martinez,jane.martinez@company.com,HR,62,12,61649.38,0.421,0.715,5,51,75.46,N,0.38
Emily Lopez,emily.lopez@company.com,Support,47,13,60220.64,0.573,0.714,5,49,79.0,N,0.35
Emily Miller,emily.miller@company.com,Finance,24,2,53893.6,0.408,0.737,6,54,75.62,N,0.48
William Johnson,william.johnson@company.com,HR,29,7,53915.75,0.579,0.71,5,54,77.96,N,0.35
Mary Brown,mary.brown@company.com,Marketing,41,15,73463.81,0.537,0.713,5,52,77.54,N,0.35
John Lopez,john.lopez@company.com,HR,63,13,65863.24,0.42,0.562,6,54,68.78,N,0.39
John Rodriguez,john.rodriguez@company.com,Support,40,13,59838.76,0.484,0.586,6,52,71.51,Y,0.58
William Hernandez,william.hernandez@company.com,Operations,39,5,50303.01,0.58,0.596,2,52,55.66,N,0.35
Patricia Lopez,patricia.lopez@company.com,Operations,56,28,104512.19,0.505,0.591,6,52,72.03,N,0.35
Sarah Garcia,sarah.garcia@company.com,HR,45,19,74412.85,0.557,0.697,5,57,76.17,N,0.35
Jane Hernandez,jane.hernandez@company.com,Marketing,53,8,63404.61,0.51,0.695,5,53,76.0,N,0.35
Mary Garcia,mary.garcia@company.com,Operations,63,11,62701.51,0.496,0.643,2,55,55.35,N,0.44
Jennifer Johnson,jennifer.johnson@company.com,Operations,57,29,102005.09,0.445,0.598,5,53,70.99,Y,0.52
David Rodriguez,david.rodriguez@company.com,Marketing,62,13,73704.41,0.529,0.622,5,48,74.57,N,0.35
James Miller,james.miller@company.com,Marketing,49,1,44494.64,0.614,0.552,2,55,53.98,N,0.35
Robert Lopez,robert.lopez@company.com,Marketing,44,14,74947.91,0.459,0.727,5,49,77.2,N,0.35
William Williams,william.williams@company.com,Sales,33,8,65536.99,0.508,0.6,6,57,71.37,N,0.35
Robert Hernandez,robert.hernandez@company.com,HR,41,10,61232.31,0.584,0.683,2,55,58.59,N,0.35
James Lopez,james.lopez@company.com,Sales,49,14,85571.41,0.617,0.591,2,48,57.25,N,0.35
Mary Martinez,mary.martinez@company.com,Marketing,58,19,89522.65,0.413,0.678,6,52,73.71,N,0.41
Robert Rodriguez,robert.rodriguez@company.com,Support,54,13,59595.97,0.572,0.629,5,57,73.81,N,0.35
John Jones,john.jones@company.com,Marketing,46,17,80119.2,0.643,0.666,6,53,77.68,N,0.35
Sarah Miller,sarah.miller@company.com,Support,41,12,58905.16,0.436,0.738,6,49,77.21,N,0.38
Mary Martinez,mary.martinez@company.com,Operations,29,4,51214.63,0.511,0.724,5,50,77.93,N,0.35
Emily Davis,emily.davis@company.com,HR,47,10,62187.65,0.571,0.649,2,56,56.88,N,0.35
Lisa Hernandez,lisa.hernandez@company.com,Sales,33,10,75174.3,0.633,0.688,2,54,60.17,N,0.35
William Davis,william.davis@company.com,Support,26,0,37308.82,0.427,0.682,5,54,73.78,N,0.37
Richard Lopez,richard.lopez@company.com,Sales,62,24,101472.2,0.618,0.706,2,50,61.3,N,0.35
James Johnson,james.johnson@company.com,Marketing,59,3,49675.01,0.567,0.712,5,56,77.18,N,0.35
William Hernandez,william.hernandez@company.com,Operations,32,0,42546.88,0.43,0.659,2,51,55.56,N,0.35
Mary Garcia,mary.garcia@company.com,IT,28,6,67908.84,0.574,0.628,2,53,56.59,N,0.35
Jennifer Gonzalez,jennifer.gonzalez@company.com,Sales,59,25,107605.74,0.547,0.584,5,54,72.24,N,0.35
James Jones,james.jones@company.com,Sales,42,7,62265.79,0.53,0.646,2,56,55.95,N,0.35
Richard Brown,richard.brown@company.com,Sales,55,14,83379.88,0.533,0.672,6,56,75.06,N,0.35
John Smith,john.smith@company.com,Sales,64,20,100364.74,0.449,0.552,6,48,70.21,N,0.35
Lisa Martinez,lisa.martinez@company.com,Support,32,2,40405.27,0.415,0.737,5,49,76.68,N,0.35
Richard Johnson,richard.johnson@company.com,HR,48,14,69469.82,0.533,0.666,5,54,75.29,N,0.35
Robert Hernandez,robert.hernandez@company.com,Finance,34,3,55668.27,0.606,0.654,6,54,76.12,N,0.35
Sarah Lopez,sarah.lopez@company.com,Operations,52,6,57127.58,0.474,0.709,2,50,58.59,N,0.35
Robert Davis,robert.davis@company.com,HR,28,5,47512.92,0.538,0.559,5,49,72.18,N,0.35
Sarah Williams,sarah.williams@company.com,Operations,42,8,61186.64,0.598,0.679,5,51,77.67,N,0.35
Patricia Smith,patricia.smith@company.com,Support,37,0,39334.46,0.459,0.706,5,55,75.14,N,0.43
Jennifer Gonzalez,jennifer.gonzalez@company.com,IT,31,8,70273.72,0.424,0.675,2,52,55.86,N,0.37
Richard Miller,richard.miller@company.com,Sales,56,33,129005.88,0.518,0.657,5,48,75.93,N,0.35
Michael Gonzalez,michael.gonzalez@company.com,Operations,28,2,44545.0,0.458,0.628,2,48,55.49,N,0.37
William Davis,william.davis@company.com,IT,56,6,69117.73,0.574,0.631,5,52,75.05,N,0.35
William Brown,william.brown@company.com,Support,60,23,85013.14,0.432,0.571,5,51,70.06,N,0.44
Jane Davis,jane.davis@company.com,Sales,57,32,122990.35,0.549,0.63,2,50,57.02,N,0.35
Richard Davis,richard.davis@company.com,Operations,34,0,41038.82,0.608,0.684,6,54,77.43,N,0.35
William Rodriguez,william.rodriguez@company.com,Finance,24,1,55094.23,0.458,0.641,5,54,72.65,N,0.38
Emily Gonzalez,emily.gonzalez@company.com,HR,59,16,75294.9,0.649,0.639,5,53,76.63,N,0.35
Mary Lopez,mary.lopez@company.com,Finance,50,14,87735.35,0.45,0.657,5,52,73.69,N,0.48
Robert Rodriguez,robert.rodriguez@company.com,HR,38,15,69295.21,0.566,0.709,5,50,78.5,N,0.35
Michael Lopez,michael.lopez@company.com,Support,26,3,41921.1,0.632,0.658,2,54,58.8,N,0.35
Lisa Davis,lisa.davis@company.com,Marketing,39,7,56804.87,0.589,0.576,5,49,73.78,N,0.35
Richard Brown,richard.brown@company.com,Support,54,22,77717.66,0.466,0.622,2,51,54.76,N,0.35
James Jones,james.jones@company.com,Support,32,2,43553.06,0.499,0.639,5,53,73.75,N,0.47
Richard Rodriguez,richard.rodriguez@company.com,HR,36,5,50198.66,0.542,0.628,6,51,74.41,N,0.35
James Brown,james.brown@company.com,Marketing,56,29,104695.17,0.619,0.724,5,49,80.35,N,0.35
Lisa Johnson,lisa.johnson@company.com,Operations,30,4,52797.08,0.406,0.581,6,51,69.91,N,0.37
David Brown,david.brown@company.com,Marketing,31,8,61520.3,0.544,0.646,2,57,55.99,N,0.35
Emily Garcia,emily.garcia@company.com,Finance,37,5,60289.84,0.607,0.614,6,51,75.13,N,0.35
Jane Williams,jane.williams@company.com,Sales,55,7,65120.95,0.52,0.651,6,57,73.63,N,0.35
Sarah Miller,sarah.miller@company.com,Operations,53,27,102168.8,0.478,0.651,5,50,74.32,N,0.37
Michael Lopez,michael.lopez@company.com,Sales,50,10,72463.98,0.555,0.68,6,51,76.77,N,0.35
Jane Miller,jane.miller@company.com,HR,31,8,54865.19,0.415,0.749,2,54,58.21,N,0.43
Emily Rodriguez,emily.rodriguez@company.com,HR,40,8,54195.49,0.436,0.574,5,50,70.43,N,0.37
Robert Smith,robert.smith@company.com,Sales,54,3,54130.52,0.558,0.596,2,54,54.96,N,0.35
Jennifer Miller,jennifer.miller@company.com,HR,57,34,106780.45,0.492,0.633,5,49,74.09,N,0.36
Richard Martinez,richard.martinez@company.com,Operations,23,1,44898.1,0.52,0.554,6,53,70.6,N,0.35
John Gonzalez,john.gonzalez@company.com,Finance,60,4,58193.14,0.454,0.552,5,54,69.11,N,0.41
Robert Davis,robert.davis@company.com,IT,53,3,61859.26,0.493,0.603,6,52,72.31,N,0.43
Emily Jones,emily.jones@company.com,Support,47,3,43157.63,0.616,0.599,5,52,74.55,N,0.35
Robert Miller,robert.miller@company.com,Finance,50,5,64293.15,0.498,0.741,2,57,58.82,N,0.45
Patricia Lopez,patricia.lopez@company.com,Finance,62,0,47692.13,0.602,0.565,2,56,54.12,N,0.35
Richard Martinez,richard.martinez@company.com,Sales,61,20,93378.86,0.606,0.649,6,52,76.42,N,0.35
Lisa Brown,lisa.brown@company.com,Marketing,44,12,67216.73,0.438,0.697,2,52,57.0,N,0.44
Robert Davis,robert.davis@company.com,IT,44,10,81560.71,0.565,0.71,6,48,79.02,N,0.35
Robert Garcia,robert.garcia@company.com,Operations,61,30,107980.35,0.474,0.62,6,57,71.52,N,0.39
James Gonzalez,james.gonzalez@company.com,HR,64,4,45994.42,0.537,0.716,5,48,78.68,N,0.35
Patricia Williams,patricia.williams@company.com,Support,38,7,48788.49,0.592,0.675,5,54,76.69,N,0.35
Lisa Williams,lisa.williams@company.com,Finance,25,1,54959.57,0.417,0.742,6,48,77.26,N,0.35
William Smith,william.smith@company.com,HR,57,11,63538.05,0.519,0.573,2,53,53.32,N,0.35
Mary Martinez,mary.martinez@company.com,Operations,53,27,95981.96,0.439,0.559,2,57,50.4,Y,0.55
John Johnson,john.johnson@company.com,Operations,61,13,72268.24,0.51,0.673,5,50,75.83,N,0.35
Robert Williams,robert.williams@company.com,Support,53,18,70878.18,0.622,0.679,6,54,77.44,N,0.35
Lisa Williams,lisa.williams@company.com,IT,33,8,75289.75,0.536,0.677,5,52,76.12,N,0.35
David Miller,david.miller@company.com,Marketing,28,6,55880.58,0.564,0.585,5,55,72.36,N,0.35
Sarah Davis,sarah.davis@company.com,Marketing,50,12,73674.51,0.441,0.576,6,48,71.01,N,0.36
Emily Gonzalez,emily.gonzalez@company.com,HR,44,11,62694.03,0.583,0.658,2,55,57.68,N,0.35
David Gonzalez,david.gonzalez@company.com,Support,40,6,49210.09,0.544,0.725,2,49,60.88,N,0.35
Robert Jones,robert.jones@company.com,Support,29,0,39140.27,0.585,0.726,6,52,79.2,N,0.35
Jane Davis,jane.davis@company.com,IT,46,9,74309.6,0.586,0.713,6,49,79.15,N,0.35
Patricia Rodriguez,patricia.rodriguez@company.com,IT,30,3,61269.49,0.531,0.72,5,48,78.66,N,0.35
Emily Brown,emily.brown@company.com,Operations,55,19,81916.79,0.482,0.58,6,52,71.11,N,0.46
Jane Gonzalez,jane.gonzalez@company.com,Operations,25,2,45698.85,0.512,0.694,5,53,76.04,N,0.35
John Gonzalez,john.gonzalez@company.com,IT,61,38,149327.09,0.401,0.674,2,51,55.44,N,0.35
Sarah Brown,sarah.brown@company.com,Support,25,0,38230.51,0.561,0.563,5,53,71.82,N,0.35
John Martinez,john.martinez@company.com,Sales,45,1,48268.37,0.55,0.67,6,52,76.04,N,0.35
Sarah Williams,sarah.williams@company.com,HR,45,12,73727.1,0.886,0.946,3,45,83.39,N,0.07
James Johnson,james.johnson@company.com,Finance,57,29,144872.51,0.782,0.837,4,41,82.38,N,0.03
Sarah Davis,sarah.davis@company.com,Operations,32,8,65494.88,0.933,0.879,3,44,81.67,N,0.06
David Gonzalez,david.gonzalez@company.com,Marketing,48,14,91043.12,0.802,0.918,3,45,80.68,N,0.0
Michael Martinez,michael.martinez@company.com,Finance,31,1,52285.93,0.741,0.89,4,46,84.14,N,0.0
Patricia Lopez,patricia.lopez@company.com,IT,40,9,82099.4,0.913,0.795,3,46,77.75,N,0.0
Richard Williams,richard.williams@company.com,Marketing,42,9,73354.78,0.934,0.891,4,38,86.96,N,0.0
Jane Martinez,jane.martinez@company.com,IT,56,0,52573.17,0.895,0.751,3,39,74.75,N,0.03
David Martinez,david.martinez@company.com,Operations,52,19,93403.41,0.864,0.941,4,40,88.01,N,0.0
Robert Miller,robert.miller@company.com,Operations,49,6,58871.88,0.762,0.931,4,47,85.87,N,0.06
Sarah Johnson,sarah.johnson@company.com,Finance,63,24,127923.11,0.894,0.763,3,46,76.07,N,0.0
Patricia Hernandez,patricia.hernandez@company.com,Sales,64,20,112167.76,0.833,0.832,3,38,76.59,N,0.07
Jane Lopez,jane.lopez@company.com,Support,32,3,45606.61,0.732,0.926,3,38,78.26,N,0.07
David Hernandez,david.hernandez@company.com,Finance,35,8,75645.16,0.824,0.946,3,44,82.21,N,0.0
Richard Johnson,richard.johnson@company.com,Support,40,18,81775.24,0.943,0.872,3,39,80.58,N,0.0
Mary Gonzalez,mary.gonzalez@company.com,IT,25,2,62128.5,0.763,0.92,3,43,79.72,N,0.04
Emily Rodriguez,emily.rodriguez@company.com,HR,55,27,116905.13,0.881,0.764,4,43,81.82,N,0.05
James Garcia,james.garcia@company.com,IT,27,1,54060.33,0.821,0.783,4,44,81.67,N,0.01
William Hernandez,william.hernandez@company.com,Marketing,55,15,92788.47,0.803,0.88,4,40,84.36,N,0.0
John Miller,john.miller@company.com,Support,31,2,44932.09,0.713,0.907,4,41,83.75,N,0.01
Lisa Johnson,lisa.johnson@company.com,HR,25,1,44424.61,0.889,0.754,4,46,81.52,N,0.03
Emily Hernandez,emily.hernandez@company.com,Support,35,10,61545.5,0.937,0.862,4,45,87.05,N,0.0
Lisa Lopez,lisa.lopez@company.com,Sales,24,0,49546.1,0.798,0.91,3,44,80.24,N,0.0
Robert Williams,robert.williams@company.com,Operations,64,18,92899.51,0.81,0.789,4,43,81.38,N,0.03
William Hernandez,william.hernandez@company.com,Marketing,62,35,158101.07,0.769,0.812,3,41,75.21,N,0.0
Mary Gonzalez,mary.gonzalez@company.com,Finance,39,9,84411.01,0.812,0.862,4,41,83.85,N,0.0
Richard Davis,richard.davis@company.com,HR,48,17,84833.81,0.742,0.851,4,40,81.79,N,0.0
Robert Lopez,robert.lopez@company.com,Finance,53,27,138481.06,0.905,0.813,4,44,84.42,N,0.07
David Garcia,david.garcia@company.com,Support,30,6,55175.1,0.942,0.834,3,39,78.89,N,0.0
Sarah Johnson,sarah.johnson@company.com,Marketing,25,3,54234.85,0.92,0.835,3,39,78.56,N,0.0
Lisa Brown,lisa.brown@company.com,Support,54,3,48156.96,0.88,0.928,4,41,88.01,N,0.03
Lisa Martinez,lisa.martinez@company.com,Finance,50,8,81806.91,0.905,0.858,3,45,80.29,N,0.0
James Miller,james.miller@company.com,Marketing,30,4,54482.63,0.764,0.914,4,41,85.02,N,0.0
John Davis,john.davis@company.com,Support,49,23,97671.88,0.722,0.894,3,39,76.95,N,0.06
Emily Williams,emily.williams@company.com,HR,39,10,70082.13,0.863,0.874,4,45,86.14,N,0.05
Sarah Garcia,sarah.garcia@company.com,Support,36,10,63404.38,0.859,0.775,4,39,80.86,N,0.0
David Garcia,david.garcia@company.com,Marketing,49,14,83397.11,0.744,0.921,4,47,85.07,N,0.07
Mary Lopez,mary.lopez@company.com,Marketing,24,1,48318.94,0.828,0.811,3,38,75.6,N,0.0
William Smith,william.smith@company.com,Finance,35,3,62913.03,0.918,0.903,3,38,81.06,N,0.0
Sarah Johnson,sarah.johnson@company.com,Sales,54,5,64019.18,0.868,0.862,3,41,79.15,N,0.05
Patricia Miller,patricia.miller@company.com,HR,57,7,59138.39,0.732,0.833,3,39,74.64,N,0.0
William Gonzalez,william.gonzalez@company.com,Sales,61,23,122676.91,0.707,0.943,4,46,85.51,N,0.0
Patricia Davis,patricia.davis@company.com,Operations,24,1,45958.66,0.875,0.918,3,47,81.63,N,0.02
Patricia Davis,patricia.davis@company.com,HR,40,14,76004.55,0.812,0.794,3,43,75.64,N,0.05
Richard Smith,richard.smith@company.com,IT,30,0,50577.03,0.817,0.81,3,38,75.36,N,0.05
David Brown,david.brown@company.com,HR,51,8,61341.75,0.712,0.931,4,46,85.07,N,0.0
Patricia Brown,patricia.brown@company.com,Marketing,62,15,88105.35,0.76,0.909,4,42,84.95,N,0.05
James Martinez,james.martinez@company.com,Marketing,42,20,108108.69,0.716,0.916,3,42,78.5,N,0.0
Lisa Rodriguez,lisa.rodriguez@company.com,Finance,30,3,60605.55,0.917,0.763,4,43,82.58,N,0.06
Emily Miller,emily.miller@company.com,Operations,61,11,77258.02,0.928,0.843,3,44,80.05,N,0.04
William Garcia,william.garcia@company.com,Marketing,43,7,63838.61,0.937,0.839,3,45,80.3,N,0.0
Patricia Davis,patricia.davis@company.com,Marketing,49,27,132888.95,0.759,0.907,3,44,79.36,N,0.0
David Jones,david.jones@company.com,Sales,48,22,118925.54,0.946,0.804,4,38,83.67,N,0.0
Jane Lopez,jane.lopez@company.com,Sales,33,5,64479.02,0.711,0.778,4,42,78.84,N,0.04
Emily Johnson,emily.johnson@company.com,Operations,56,13,80516.87,0.853,0.806,4,43,83.06,N,0.0
William Gonzalez,william.gonzalez@company.com,Operations,29,2,48224.97,0.911,0.807,3,46,78.27,N,0.05
Michael Brown,michael.brown@company.com,Sales,63,40,182976.37,0.799,0.767,3,46,74.42,N,0.02
Patricia Davis,patricia.davis@company.com,Marketing,60,38,167955.49,0.823,0.89,3,42,79.53,N,0.04
Patricia Martinez,patricia.martinez@company.com,Support,22,0,38813.32,0.797,0.896,4,47,85.33,N,0.03
William Martinez,william.martinez@company.com,Marketing,54,25,114975.46,0.939,0.914,4,46,88.98,N,0.05
Jane Brown,jane.brown@company.com,Marketing,44,16,96081.71,0.851,0.887,4,44,86.43,N,0.0
Sarah Garcia,sarah.garcia@company.com,Sales,39,4,60851.65,0.73,0.834,4,47,81.51,N,0.0
David Smith,david.smith@company.com,Operations,36,8,68062.43,0.935,0.884,3,44,81.94,N,0.04
William Williams,william.williams@company.com,Marketing,31,1,48134.47,0.735,0.773,3,46,73.23,N,0.02
John Smith,john.smith@company.com,Finance,23,0,50974.41,0.717,0.857,4,46,82.34,N,0.03
David Lopez,david.lopez@company.com,Sales,56,0,48281.48,0.721,0.83,3,39,74.33,N,0.06
James Gonzalez,james.gonzalez@company.com,HR,46,22,100888.1,0.904,0.763,3,44,76.61,N,0.0
Jane Smith,jane.smith@company.com,Finance,30,4,66063.5,0.915,0.868,4,45,86.81,N,0.03
David Davis,david.davis@company.com,HR,36,8,61589.13,0.808,0.814,4,38,81.18,N,0.0
Lisa Garcia,lisa.garcia@company.com,Sales,57,32,149961.62,0.831,0.852,4,42,84.12,N,0.0
John Jones,john.jones@company.com,Support,22,0,37539.86,0.786,0.781,3,43,74.56,N,0.0
Lisa Johnson,lisa.johnson@company.com,Support,64,30,119046.08,0.898,0.869,3,44,80.68,N,0.0
Jane Miller,jane.miller@company.com,HR,33,5,52533.83,0.814,0.888,3,47,79.17,N,0.0
Jane Martinez,jane.martinez@company.com,Operations,24,2,47343.68,0.734,0.77,4,38,77.99,N,0.01
James Smith,james.smith@company.com,Sales,27,2,52619.51,0.737,0.848,4,47,82.19,N,0.01
Michael Gonzalez,michael.gonzalez@company.com,Finance,58,34,162040.61,0.922,0.871,4,43,86.92,N,0.02
David Johnson,david.johnson@company.com,Sales,38,12,88794.38,0.943,0.905,3,39,81.83,N,0.0
Jane Rodriguez,jane.rodriguez@company.com,Support,43,20,93106.21,0.908,0.838,4,46,85.41,N,0.01
Robert Martinez,robert.martinez@company.com,Finance,42,13,94041.5,0.869,0.797,3,43,76.95,N,0.03
Richard Martinez,richard.martinez@company.com,Sales,45,2,57422.34,0.738,0.913,4,42,84.62,N,0.03
Richard Rodriguez,richard.rodriguez@company.com,HR,39,7,58975.02,0.781,0.909,3,40,78.86,N,0.03
Lisa Davis,lisa.davis@company.com,Marketing,26,0,45801.6,0.878,0.931,3,47,82.22,N,0.02
Jennifer Martinez,jennifer.martinez@company.com,HR,33,5,54976.08,0.733,0.908,4,38,83.55,N,0.0
David Martinez,david.martinez@company.com,Finance,33,5,69218.69,0.737,0.843,4,38,81.1,N,0.0
John Martinez,john.martinez@company.com,Operations,57,10,74389.77,0.751,0.902,3,44,78.9,N,0.0
Jane Gonzalez,jane.gonzalez@company.com,Sales,38,13,92354.11,0.814,0.839,3,45,77.68,N,0.04
James Brown,james.brown@company.com,Marketing,56,8,71338.17,0.715,0.751,3,46,72.0,N,0.0
James Johnson,james.johnson@company.com,Sales,59,2,56000.61,0.812,0.852,4,40,83.26,N,0.0
Sarah Williams,sarah.williams@company.com,Finance,53,21,125136.92,0.872,0.895,4,43,86.84,N,0.0
Jane Williams,jane.williams@company.com,IT,37,11,94740.4,0.901,0.806,4,43,83.87,N,0.0
Robert Davis,robert.davis@company.com,Operations,40,17,87787.2,0.869,0.916,3,38,80.46,N,0.0
Mary Davis,mary.davis@company.com,Marketing,46,4,58133.09,0.885,0.779,4,47,82.32,N,0.0
John Brown,john.brown@company.com,Marketing,22,0,44981.86,0.911,0.873,4,41,86.47,N,0.05
Patricia Jones,patricia.jones@company.com,Operations,25,1,46325.21,0.706,0.811,4,39,79.26,N,0.04
Jennifer Davis,jennifer.davis@company.com,IT,53,1,53285.66,0.702,0.77,4,40,77.95,N,0.0
James Brown,james.brown@company.com,Marketing,55,15,88353.52,0.82,0.779,4,42,80.89,N,0.03
Richard Gonzalez,richard.gonzalez@company.com,Operations,55,2,45591.46,0.901,0.936,4,40,88.49,N,0.0
Mary Hernandez,mary.hernandez@company.com,Support,60,0,37459.69,0.837,0.794,3,44,76.28,N,0.0
Sarah Miller,sarah.miller@company.com,IT,46,21,129542.85,0.747,0.894,4,42,84.14,N,0.0
William Brown,william.brown@company.com,Operations,41,17,90048.15,0.76,0.893,4,41,84.04,N,0.05
Michael Jones,michael.jones@company.com,Support,25,0,37180.24,0.929,0.894,4,42,87.9,N,0.0
Michael Johnson,michael.johnson@company.com,IT,55,10,88498.38,0.768,0.83,3,38,75.02,N,0.01
Michael Gonzalez,michael.gonzalez@company.com,Marketing,39,5,57896.13,0.924,0.867,4,38,85.6,N,0.0
Mary Lopez,mary.lopez@company.com,Support,50,27,113845.43,0.725,0.822,3,43,75.09,N,0.0
Mary Jones,mary.jones@company.com,HR,57,17,91422.17,0.923,0.837,3,41,79.21,N,0.0
Jane Davis,jane.davis@company.com,Operations,58,16,92105.19,0.872,0.849,3,47,78.87,N,0.0
David Lopez,david.lopez@company.com,HR,31,6,58282.69,0.764,0.925,3,47,79.68,N,0.0
David Rodriguez,david.rodriguez@company.com,Finance,25,2,57821.65,0.936,0.804,4,45,84.69,N,0.01
Lisa Davis,lisa.davis@company.com,IT,38,4,66278.45,0.825,0.827,4,42,82.98,N,0.0
Mary Smith,mary.smith@company.com,HR,35,2,45837.44,0.792,0.76,3,39,73.13,N,0.0
Patricia Garcia,patricia.garcia@company.com,Finance,52,1,54290.27,0.753,0.881,3,45,78.25,N,0.0
David Smith,david.smith@company.com,IT,44,12,97962.9,0.709,0.829,4,44,81.23,N,0.03
Sarah Hernandez,sarah.hernandez@company.com,Support,27,3,47774.21,0.713,0.886,4,39,82.61,N,0.03
Jennifer Martinez,jennifer.martinez@company.com,Finance,64,34,165072.32,0.867,0.915,4,43,87.51,N,0.0
John Gonzalez,john.gonzalez@company.com,Operations,31,4,53295.74,0.928,0.918,3,39,81.98,N,0.0
Jennifer Jones,jennifer.jones@company.com,Finance,24,2,56795.34,0.783,0.931,4,38,85.37,N,0.0
John Gonzalez,john.gonzalez@company.com,Support,47,5,51409.25,0.891,0.841,4,45,85.29,N,0.01
Michael Davis,michael.davis@company.com,Finance,33,10,81771.76,0.844,0.765,3,46,75.25,N,0.0
James Davis,james.davis@company.com,Marketing,28,4,55597.64,0.785,0.898,3,41,78.84,N,0.07
Michael Martinez,michael.martinez@company.com,HR,37,10,64760.45,0.866,0.86,4,46,85.38,N,0.02
James Davis,james.davis@company.com,IT,29,0,50975.16,0.852,0.808,3,41,76.69,N,0.0
Lisa Garcia,lisa.garcia@company.com,HR,50,8,62236.57,0.934,0.871,3,45,81.41,N,0.01
Emily Garcia,emily.garcia@company.com,Operations,25,1,45139.9,0.948,0.798,4,47,84.22,N,0.06
Jane Williams,jane.williams@company.com,Marketing,53,27,122592.45,0.894,0.791,4,39,82.4,N,0.01
Robert Lopez,robert.lopez@company.com,HR,46,9,66086.42,0.779,0.805,3,46,75.54,N,0.06
David Hernandez,david.hernandez@company.com,HR,52,27,113178.23,0.861,0.912,3,47,81.21,N,0.03
Jennifer Gonzalez,jennifer.gonzalez@company.com,Finance,52,8,79021.19,0.872,0.888,4,38,85.43,N,0.02
John Davis,john.davis@company.com,IT,54,26,140425.97,0.89,0.821,4,44,84.59,N,0.0
Emily Jones,emily.jones@company.com,Marketing,43,17,93139.16,0.837,0.786,3,38,74.72,N,0.04
Jane Gonzalez,jane.gonzalez@company.com,HR,29,3,49818.81,0.924,0.885,3,47,81.26,N,0.02
Jennifer Rodriguez,jennifer.rodriguez@company.com,Support,52,27,115254.11,0.865,0.772,4,47,81.61,N,0.07
John Hernandez,john.hernandez@company.com,Support,47,24,97492.26,0.755,0.842,4,43,82.53,N,0.0
William Davis,william.davis@company.com,HR,39,5,55070.88,0.748,0.909,3,41,78.52,N,0.02
John Brown,john.brown@company.com,Finance,37,1,54668.07,0.942,0.829,4,42,85.48,N,0.06
Emily Martinez,emily.martinez@company.com,Support,51,0,39032.18,0.815,0.906,4,43,86.24,N,0.0
Lisa Hernandez,lisa.hernandez@company.com,HR,30,4,52760.34,0.702,0.821,4,43,80.57,N,0.0
Richard Smith,richard.smith@company.com,Sales,45,9,76313.9,0.78,0.92,4,46,86.15,N,0.02
David Rodriguez,david.rodriguez@company.com,Sales,50,2,54160.96,0.924,0.75,4,40,81.56,N,0.02
David Davis,david.davis@company.com,Operations,55,0,40281.03,0.711,0.902,3,44,78.17,N,0.05
Lisa Johnson,lisa.johnson@company.com,IT,56,34,184415.17,0.938,0.865,4,44,87.2,N,0.04
James Martinez,james.martinez@company.com,Support,41,17,87167.73,0.864,0.798,4,46,82.81,N,0.0
Sarah Lopez,sarah.lopez@company.com,Sales,31,8,76224.47,0.71,0.757,3,39,71.26,N,0.0
David Rodriguez,david.rodriguez@company.com,IT,50,3,61827.32,0.845,0.837,3,42,77.8,N,0.0
William Miller,william.miller@company.com,IT,40,12,94732.21,0.788,0.929,3,46,80.59,N,0.05
Sarah Johnson,sarah.johnson@company.com,HR,25,2,44484.21,0.819,0.85,4,40,83.26,N,0.07
Jane Hernandez,jane.hernandez@company.com,Support,40,15,76304.93,0.914,0.791,3,41,77.19,N,0.0
Michael Davis,michael.davis@company.com,Operations,58,0,42952.35,0.802,0.912,4,38,85.08,N,0.04
David Rodriguez,david.rodriguez@company.com,Operations,45,23,104636.71,0.864,0.78,3,42,75.96,N,0.0
David Miller,david.miller@company.com,Support,44,12,70552.29,0.709,0.776,4,43,78.84,N,0.03
Lisa Davis,lisa.davis@company.com,Sales,27,4,60235.42,0.881,0.79,3,41,76.34,N,0.0
Lisa Rodriguez,lisa.rodriguez@company.com,Sales,43,14,97338.98,0.748,0.812,3,44,75.35,N,0.0
Robert Brown,robert.brown@company.com,Finance,34,6,73249.13,0.852,0.929,3,45,82.19,N,0.05
William Lopez,william.lopez@company.com,Sales,57,15,97225.99,0.889,0.829,3,39,77.69,N,0.0
Jennifer Johnson,jennifer.johnson@company.com,Marketing,52,9,70062.17,0.877,0.783,3,43,76.48,N,0.07
Richard Gonzalez,richard.gonzalez@company.com,Support,31,5,49401.6,0.766,0.87,4,44,83.99,N,0.0
Robert Garcia,robert.garcia@company.com,Support,59,0,39244.52,0.877,0.784,3,47,76.4,N,0.0
William Jones,william.jones@company.com,Support,36,6,55851.14,0.815,0.934,3,39,80.4,N,0.0
John Jones,john.jones@company.com,Operations,38,1,45682.17,0.902,0.789,3,40,76.52,N,0.0
David Martinez,david.martinez@company.com,Finance,24,0,50246.55,0.875,0.895,3,42,80.73,N,0.0
James Davis,james.davis@company.com,Support,24,1,38692.31,0.741,0.907,4,47,84.65,N,0.02
Michael Davis,michael.davis@company.com,Finance,56,13,96063.27,0.876,0.944,3,38,81.94,N,0.04
Lisa Garcia,lisa.garcia@company.com,Marketing,40,5,58264.48,0.837,0.943,3,42,81.87,N,0.07
William Gonzalez,william.gonzalez@company.com,Finance,27,4,61642.98,0.94,0.893,3,41,81.85,N,0.01
Robert Davis,robert.davis@company.com,Marketing,46,19,104290.55,0.869,0.875,4,46,86.01,N,0.0
Jennifer Brown,jennifer.brown@company.com,Operations,29,6,62061.9,0.778,0.937,4,46,86.75,N,0.0
Sarah Martinez,sarah.martinez@company.com,HR,37,7,57760.91,0.713,0.86,4,41,81.96,N,0.03
Sarah Gonzalez,sarah.gonzalez@company.com,HR,38,5,52634.51,0.784,0.897,4,44,85.32,N,0.0
John Garcia,john.garcia@company.com,Operations,62,18,99138.71,0.869,0.764,4,41,81.24,N,0.04
Lisa Lopez,lisa.lopez@company.com,Support,41,6,54505.55,0.858,0.79,3,45,76.56,N,0.0
Robert Miller,robert.miller@company.com,Operations,50,23,109073.18,0.769,0.836,3,38,75.31,N,0.01
Richard Hernandez,richard.hernandez@company.com,Sales,38,1,49766.89,0.943,0.773,4,43,83.44,N,0.0
Lisa Smith,lisa.smith@company.com,Sales,62,26,135130.43,0.83,0.765,3,40,74.09,N,0.07
William Martinez,william.martinez@company.com,Marketing,23,1,45088.42,0.837,0.888,4,44,86.05,N,0.04
Jennifer Johnson,jennifer.johnson@company.com,Support,59,19,84928.41,0.774,0.768,4,42,79.69,N,0.0
Jennifer Davis,jennifer.davis@company.com,IT,51,20,124184.57,0.704,0.943,3,43,79.49,N,0.07
William Davis,william.davis@company.com,IT,27,0,54323.02,0.831,0.8,4,46,82.26,N,0.01
Patricia Williams,patricia.williams@company.com,HR,46,9,63261.16,0.853,0.793,3,46,76.36,N,0.0
Jennifer Hernandez,jennifer.hernandez@company.com,Sales,57,33,160197.53,0.793,0.76,3,38,72.75,N,0.0
Jane Davis,jane.davis@company.com,Support,30,3,44547.91,0.935,0.794,3,46,78.15,N,0.07
David Garcia,david.garcia@company.com,Finance,27,5,70132.88,0.725,0.752,4,41,77.75,N,0.0
Patricia Miller,patricia.miller@company.com,Operations,46,14,87286.92,0.765,0.837,3,42,76.19,N,0.03
Jane Garcia,jane.garcia@company.com,Support,38,10,65594.8,0.859,0.798,4,40,82.02,N,0.0
James Rodriguez,james.rodriguez@company.com,HR,44,14,75365.24,0.885,0.753,3,41,75.04,N,0.02
Emily Hernandez,emily.hernandez@company.com,Operations,55,10,72076.89,0.815,0.897,4,43,85.93,N,0.05
Richard Davis,richard.davis@company.com,Support,31,1,41826.0,0.901,0.915,3,40,81.68,N,0.0
William Smith,william.smith@company.com,Finance,31,5,69327.51,0.886,0.898,4,40,86.71,N,0.0
Jane Brown,jane.brown@company.com,Operations,30,5,58941.61,0.9,0.817,4,41,83.93,N,0.0
James Jones,james.jones@company.com,Sales,39,1,51357.08,0.858,0.8,4,46,82.84,N,0.0
Patricia Johnson,patricia.johnson@company.com,HR,64,36,140010.39,0.896,0.834,3,40,78.37,N,0.0
Jane Gonzalez,jane.gonzalez@company.com,Operations,34,3,52990.58,0.848,0.832,3,42,77.75,N,0.06
Patricia Johnson,patricia.johnson@company.com,HR,22,0,41696.11,0.891,0.832,4,42,84.45,N,0.0
Michael Lopez,michael.lopez@company.com,Marketing,50,4,58089.16,0.897,0.939,4,46,89.07,N,0.0
John Smith,john.smith@company.com,Marketing,40,2,50235.27,0.901,0.752,4,40,81.09,N,0.0
Richard Smith,richard.smith@company.com,Marketing,46,20,103570.32,0.886,0.765,4,45,82.13,N,0.07
Emily Garcia,emily.garcia@company.com,HR,53,4,49826.73,0.782,0.821,4,40,81.52,N,0.0
Michael Brown,michael.brown@company.com,Finance,42,8,80798.77,0.719,0.916,3,39,77.89,N,0.01
Robert Martinez,robert.martinez@company.com,Operations,44,16,90024.31,0.786,0.842,4,42,82.84,N,0.04
Richard Williams,richard.williams@company.com,Sales,58,22,121061.79,0.745,0.889,3,42,77.98,N,0.0
Michael Johnson,michael.johnson@company.com,Finance,61,20,120496.44,0.88,0.896,4,40,86.56,N,0.05
Jennifer Miller,jennifer.miller@company.com,Finance,38,10,81645.44,0.883,0.926,4,41,87.95,N,0.0
